--
-- PostgreSQL database dump
--

-- Dumped from database version 15.7
-- Dumped by pg_dump version 15.7

SET statement_timeout = 0;
SET lock_timeout = 0;
SET idle_in_transaction_session_timeout = 0;
SET client_encoding = 'UTF8';
SET standard_conforming_strings = on;
SELECT pg_catalog.set_config('search_path', '', false);
SET check_function_bodies = false;
SET xmloption = content;
SET client_min_messages = warning;
SET row_security = off;

SET default_tablespace = '';

SET default_table_access_method = heap;

--
-- Name: admin_honeypot_loginattempt; Type: TABLE; Schema: public; Owner: blogitdev
--

CREATE TABLE public.admin_honeypot_loginattempt (
    id bigint NOT NULL,
    username character varying(255),
    ip_address inet,
    session_key character varying(50),
    user_agent text,
    "timestamp" timestamp with time zone NOT NULL,
    path text
);


ALTER TABLE public.admin_honeypot_loginattempt OWNER TO blogitdev;

--
-- Name: admin_honeypot_loginattempt_id_seq; Type: SEQUENCE; Schema: public; Owner: blogitdev
--

ALTER TABLE public.admin_honeypot_loginattempt ALTER COLUMN id ADD GENERATED BY DEFAULT AS IDENTITY (
    SEQUENCE NAME public.admin_honeypot_loginattempt_id_seq
    START WITH 1
    INCREMENT BY 1
    NO MINVALUE
    NO MAXVALUE
    CACHE 1
);


--
-- Name: auth_group; Type: TABLE; Schema: public; Owner: blogitdev
--

CREATE TABLE public.auth_group (
    id integer NOT NULL,
    name character varying(150) NOT NULL
);


ALTER TABLE public.auth_group OWNER TO blogitdev;

--
-- Name: auth_group_id_seq; Type: SEQUENCE; Schema: public; Owner: blogitdev
--

ALTER TABLE public.auth_group ALTER COLUMN id ADD GENERATED BY DEFAULT AS IDENTITY (
    SEQUENCE NAME public.auth_group_id_seq
    START WITH 1
    INCREMENT BY 1
    NO MINVALUE
    NO MAXVALUE
    CACHE 1
);


--
-- Name: auth_group_permissions; Type: TABLE; Schema: public; Owner: blogitdev
--

CREATE TABLE public.auth_group_permissions (
    id bigint NOT NULL,
    group_id integer NOT NULL,
    permission_id integer NOT NULL
);


ALTER TABLE public.auth_group_permissions OWNER TO blogitdev;

--
-- Name: auth_group_permissions_id_seq; Type: SEQUENCE; Schema: public; Owner: blogitdev
--

ALTER TABLE public.auth_group_permissions ALTER COLUMN id ADD GENERATED BY DEFAULT AS IDENTITY (
    SEQUENCE NAME public.auth_group_permissions_id_seq
    START WITH 1
    INCREMENT BY 1
    NO MINVALUE
    NO MAXVALUE
    CACHE 1
);


--
-- Name: auth_permission; Type: TABLE; Schema: public; Owner: blogitdev
--

CREATE TABLE public.auth_permission (
    id integer NOT NULL,
    name character varying(255) NOT NULL,
    content_type_id integer NOT NULL,
    codename character varying(100) NOT NULL
);


ALTER TABLE public.auth_permission OWNER TO blogitdev;

--
-- Name: auth_permission_id_seq; Type: SEQUENCE; Schema: public; Owner: blogitdev
--

ALTER TABLE public.auth_permission ALTER COLUMN id ADD GENERATED BY DEFAULT AS IDENTITY (
    SEQUENCE NAME public.auth_permission_id_seq
    START WITH 1
    INCREMENT BY 1
    NO MINVALUE
    NO MAXVALUE
    CACHE 1
);


--
-- Name: auth_user; Type: TABLE; Schema: public; Owner: blogitdev
--

CREATE TABLE public.auth_user (
    id integer NOT NULL,
    password character varying(128) NOT NULL,
    last_login timestamp with time zone,
    is_superuser boolean NOT NULL,
    username character varying(150) NOT NULL,
    first_name character varying(150) NOT NULL,
    last_name character varying(150) NOT NULL,
    email character varying(254) NOT NULL,
    is_staff boolean NOT NULL,
    is_active boolean NOT NULL,
    date_joined timestamp with time zone NOT NULL
);


ALTER TABLE public.auth_user OWNER TO blogitdev;

--
-- Name: auth_user_groups; Type: TABLE; Schema: public; Owner: blogitdev
--

CREATE TABLE public.auth_user_groups (
    id bigint NOT NULL,
    user_id integer NOT NULL,
    group_id integer NOT NULL
);


ALTER TABLE public.auth_user_groups OWNER TO blogitdev;

--
-- Name: auth_user_groups_id_seq; Type: SEQUENCE; Schema: public; Owner: blogitdev
--

ALTER TABLE public.auth_user_groups ALTER COLUMN id ADD GENERATED BY DEFAULT AS IDENTITY (
    SEQUENCE NAME public.auth_user_groups_id_seq
    START WITH 1
    INCREMENT BY 1
    NO MINVALUE
    NO MAXVALUE
    CACHE 1
);


--
-- Name: auth_user_id_seq; Type: SEQUENCE; Schema: public; Owner: blogitdev
--

ALTER TABLE public.auth_user ALTER COLUMN id ADD GENERATED BY DEFAULT AS IDENTITY (
    SEQUENCE NAME public.auth_user_id_seq
    START WITH 1
    INCREMENT BY 1
    NO MINVALUE
    NO MAXVALUE
    CACHE 1
);


--
-- Name: auth_user_user_permissions; Type: TABLE; Schema: public; Owner: blogitdev
--

CREATE TABLE public.auth_user_user_permissions (
    id bigint NOT NULL,
    user_id integer NOT NULL,
    permission_id integer NOT NULL
);


ALTER TABLE public.auth_user_user_permissions OWNER TO blogitdev;

--
-- Name: auth_user_user_permissions_id_seq; Type: SEQUENCE; Schema: public; Owner: blogitdev
--

ALTER TABLE public.auth_user_user_permissions ALTER COLUMN id ADD GENERATED BY DEFAULT AS IDENTITY (
    SEQUENCE NAME public.auth_user_user_permissions_id_seq
    START WITH 1
    INCREMENT BY 1
    NO MINVALUE
    NO MAXVALUE
    CACHE 1
);


--
-- Name: blog_tale; Type: TABLE; Schema: public; Owner: blogitdev
--

CREATE TABLE public.blog_tale (
    id bigint NOT NULL,
    number character varying(4) NOT NULL,
    title character varying(100) NOT NULL,
    abstract text NOT NULL,
    content text NOT NULL,
    date_posted timestamp with time zone NOT NULL,
    author_id integer NOT NULL
);


ALTER TABLE public.blog_tale OWNER TO blogitdev;

--
-- Name: blog_tale_id_seq; Type: SEQUENCE; Schema: public; Owner: blogitdev
--

ALTER TABLE public.blog_tale ALTER COLUMN id ADD GENERATED BY DEFAULT AS IDENTITY (
    SEQUENCE NAME public.blog_tale_id_seq
    START WITH 1
    INCREMENT BY 1
    NO MINVALUE
    NO MAXVALUE
    CACHE 1
);


--
-- Name: django_admin_log; Type: TABLE; Schema: public; Owner: blogitdev
--

CREATE TABLE public.django_admin_log (
    id integer NOT NULL,
    action_time timestamp with time zone NOT NULL,
    object_id text,
    object_repr character varying(200) NOT NULL,
    action_flag smallint NOT NULL,
    change_message text NOT NULL,
    content_type_id integer,
    user_id integer NOT NULL,
    CONSTRAINT django_admin_log_action_flag_check CHECK ((action_flag >= 0))
);


ALTER TABLE public.django_admin_log OWNER TO blogitdev;

--
-- Name: django_admin_log_id_seq; Type: SEQUENCE; Schema: public; Owner: blogitdev
--

ALTER TABLE public.django_admin_log ALTER COLUMN id ADD GENERATED BY DEFAULT AS IDENTITY (
    SEQUENCE NAME public.django_admin_log_id_seq
    START WITH 1
    INCREMENT BY 1
    NO MINVALUE
    NO MAXVALUE
    CACHE 1
);


--
-- Name: django_content_type; Type: TABLE; Schema: public; Owner: blogitdev
--

CREATE TABLE public.django_content_type (
    id integer NOT NULL,
    app_label character varying(100) NOT NULL,
    model character varying(100) NOT NULL
);


ALTER TABLE public.django_content_type OWNER TO blogitdev;

--
-- Name: django_content_type_id_seq; Type: SEQUENCE; Schema: public; Owner: blogitdev
--

ALTER TABLE public.django_content_type ALTER COLUMN id ADD GENERATED BY DEFAULT AS IDENTITY (
    SEQUENCE NAME public.django_content_type_id_seq
    START WITH 1
    INCREMENT BY 1
    NO MINVALUE
    NO MAXVALUE
    CACHE 1
);


--
-- Name: django_migrations; Type: TABLE; Schema: public; Owner: blogitdev
--

CREATE TABLE public.django_migrations (
    id bigint NOT NULL,
    app character varying(255) NOT NULL,
    name character varying(255) NOT NULL,
    applied timestamp with time zone NOT NULL
);


ALTER TABLE public.django_migrations OWNER TO blogitdev;

--
-- Name: django_migrations_id_seq; Type: SEQUENCE; Schema: public; Owner: blogitdev
--

ALTER TABLE public.django_migrations ALTER COLUMN id ADD GENERATED BY DEFAULT AS IDENTITY (
    SEQUENCE NAME public.django_migrations_id_seq
    START WITH 1
    INCREMENT BY 1
    NO MINVALUE
    NO MAXVALUE
    CACHE 1
);


--
-- Name: django_session; Type: TABLE; Schema: public; Owner: blogitdev
--

CREATE TABLE public.django_session (
    session_key character varying(40) NOT NULL,
    session_data text NOT NULL,
    expire_date timestamp with time zone NOT NULL
);


ALTER TABLE public.django_session OWNER TO blogitdev;

--
-- Name: users_profile; Type: TABLE; Schema: public; Owner: blogitdev
--

CREATE TABLE public.users_profile (
    id bigint NOT NULL,
    image character varying(100) NOT NULL,
    user_id integer NOT NULL
);


ALTER TABLE public.users_profile OWNER TO blogitdev;

--
-- Name: users_profile_id_seq; Type: SEQUENCE; Schema: public; Owner: blogitdev
--

ALTER TABLE public.users_profile ALTER COLUMN id ADD GENERATED BY DEFAULT AS IDENTITY (
    SEQUENCE NAME public.users_profile_id_seq
    START WITH 1
    INCREMENT BY 1
    NO MINVALUE
    NO MAXVALUE
    CACHE 1
);


--
-- Data for Name: admin_honeypot_loginattempt; Type: TABLE DATA; Schema: public; Owner: blogitdev
--

COPY public.admin_honeypot_loginattempt (id, username, ip_address, session_key, user_agent, "timestamp", path) FROM stdin;
1	Ejima	127.0.0.1	uz5zoa3hl97ex7krfjgtrkop8ax839pv	Mozilla/5.0 (Windows NT 10.0; Win64; x64) AppleWebKit/537.36 (KHTML, like Gecko) Chrome/129.0.0.0 Safari/537.36	2024-10-10 14:42:57.669926+01	/admin/login/?next=/admin/
\.


--
-- Data for Name: auth_group; Type: TABLE DATA; Schema: public; Owner: blogitdev
--

COPY public.auth_group (id, name) FROM stdin;
\.


--
-- Data for Name: auth_group_permissions; Type: TABLE DATA; Schema: public; Owner: blogitdev
--

COPY public.auth_group_permissions (id, group_id, permission_id) FROM stdin;
\.


--
-- Data for Name: auth_permission; Type: TABLE DATA; Schema: public; Owner: blogitdev
--

COPY public.auth_permission (id, name, content_type_id, codename) FROM stdin;
1	Can add log entry	1	add_logentry
2	Can change log entry	1	change_logentry
3	Can delete log entry	1	delete_logentry
4	Can view log entry	1	view_logentry
5	Can add permission	2	add_permission
6	Can change permission	2	change_permission
7	Can delete permission	2	delete_permission
8	Can view permission	2	view_permission
9	Can add group	3	add_group
10	Can change group	3	change_group
11	Can delete group	3	delete_group
12	Can view group	3	view_group
13	Can add user	4	add_user
14	Can change user	4	change_user
15	Can delete user	4	delete_user
16	Can view user	4	view_user
17	Can add content type	5	add_contenttype
18	Can change content type	5	change_contenttype
19	Can delete content type	5	delete_contenttype
20	Can view content type	5	view_contenttype
21	Can add session	6	add_session
22	Can change session	6	change_session
23	Can delete session	6	delete_session
24	Can view session	6	view_session
25	Can add post	7	add_post
26	Can change post	7	change_post
27	Can delete post	7	delete_post
28	Can view post	7	view_post
29	Can add profile	8	add_profile
30	Can change profile	8	change_profile
31	Can delete profile	8	delete_profile
32	Can view profile	8	view_profile
33	Can add tale	9	add_tale
34	Can change tale	9	change_tale
35	Can delete tale	9	delete_tale
36	Can view tale	9	view_tale
37	Can add login attempt	10	add_loginattempt
38	Can change login attempt	10	change_loginattempt
39	Can delete login attempt	10	delete_loginattempt
40	Can view login attempt	10	view_loginattempt
\.


--
-- Data for Name: auth_user; Type: TABLE DATA; Schema: public; Owner: blogitdev
--

COPY public.auth_user (id, password, last_login, is_superuser, username, first_name, last_name, email, is_staff, is_active, date_joined) FROM stdin;
1	pbkdf2_sha256$720000$E29cH4Q5vphXmjds5B9Ogl$vDdFFSLRl+oQ62w6CCA+Mx6uOatrHnudDRe/W3g6uHQ=	2024-08-08 19:59:39.447985+01	f	Ebube			chidiebubeoluoma01@gmail.com	f	t	2024-08-08 19:55:28.58198+01
6	pbkdf2_sha256$720000$YzmOr2YK1LVjowKjDhhiRg$eUJKi6TqkhXgegppCwyFf9m9eS9iu4KKMC1mNgZNfQk=	2024-09-26 21:08:23.773387+01	f	Webby			webbydgoat@gmail.com	f	t	2024-09-26 21:03:58.420343+01
5	pbkdf2_sha256$720000$IZYYhX4GyCTjECv5W3dlbR$I4YO+YvHkRQlypGmOQAt1Z3QDEgMFncVg4Jnp2+3GU4=	2024-10-08 20:20:27.322844+01	t	Peplin			chidiebubeoluoma01@gmail.com	t	t	2024-08-08 20:51:06.295274+01
\.


--
-- Data for Name: auth_user_groups; Type: TABLE DATA; Schema: public; Owner: blogitdev
--

COPY public.auth_user_groups (id, user_id, group_id) FROM stdin;
\.


--
-- Data for Name: auth_user_user_permissions; Type: TABLE DATA; Schema: public; Owner: blogitdev
--

COPY public.auth_user_user_permissions (id, user_id, permission_id) FROM stdin;
\.


--
-- Data for Name: blog_tale; Type: TABLE DATA; Schema: public; Owner: blogitdev
--

COPY public.blog_tale (id, number, title, abstract, content, date_posted, author_id) FROM stdin;
4	03	To State or not to State	Figuring out when to state is tricky. But it doesn’t have to be.	Lorem ipsum dolor sit amet, consectetur adipiscing elit. Nunc sollicitudin odio id accumsan rhoncus. Pellentesque iaculis a sapien a sollicitudin. Vivamus porttitor, risus nec condimentum egestas, libero nisl ultricies justo, nec ultricies arcu purus ac libero. Nunc sit amet varius augue. Sed cursus condimentum erat, et vulputate est accumsan id. Duis ultricies ipsum quam, vel fringilla est sodales vel. Etiam ut maximus libero, maximus sodales lorem. Vestibulum ante ipsum primis in faucibus orci luctus et ultrices posuere cubilia curae;	2024-10-07 14:20:07+01	5
3	02	Reduce, Reuse, Recycle widgets	Memory pollution is not a lie from the government.	Lorem ipsum dolor sit amet, consectetur adipiscing elit. Nunc sollicitudin odio id accumsan rhoncus. Pellentesque iaculis a sapien a sollicitudin. Vivamus porttitor, risus nec condimentum egestas, libero nisl ultricies justo, nec ultricies arcu purus ac libero. Nunc sit amet varius augue. Sed cursus condimentum erat, et vulputate est accumsan id. Duis ultricies ipsum quam, vel fringilla est sodales vel. Etiam ut maximus libero, maximus sodales lorem. Vestibulum ante ipsum primis in faucibus orci luctus et ultrices posuere cubilia curae;	2024-10-07 14:18:46+01	5
2	01	Console the troubled dev	Sometimes, all a dev needs is shelter for his queries.	In hac habitasse platea dictumst. Cras efficitur ligula quis sollicitudin semper. Curabitur nec imperdiet lorem. Nulla finibus placerat interdum. Aliquam nec gravida turpis.\r\n\r\nCras commodo tellus at dui lacinia venenatis. Proin mattis enim in sollicitudin porta. Fusce odio ante, eleifend non vulputate in, tristique at elit. Nullam tortor risus, tincidunt nec dolor eu, tempor placerat diam.	2024-10-07 14:18:30+01	5
1	00	Darwin’s theory of algorithms	Well, if it isn’t for algorithms, why does it work so well?	Lorem ipsum dolor sit amet, consectetur adipiscing elit. Nunc sollicitudin odio id accumsan rhoncus. Pellentesque iaculis a sapien a sollicitudin. Vivamus porttitor, risus nec condimentum egestas, libero nisl ultricies justo, nec ultricies arcu purus ac libero. Nunc sit amet varius augue. Sed cursus condimentum erat, et vulputate est accumsan id. Duis ultricies ipsum quam, vel fringilla est sodales vel. Etiam ut maximus libero, maximus sodales lorem. Vestibulum ante ipsum primis in faucibus orci luctus et ultrices posuere cubilia curae;	2024-10-07 14:16:09+01	5
\.


--
-- Data for Name: django_admin_log; Type: TABLE DATA; Schema: public; Owner: blogitdev
--

COPY public.django_admin_log (id, action_time, object_id, object_repr, action_flag, change_message, content_type_id, user_id) FROM stdin;
1	2024-08-08 20:52:29.911481+01	4	frgty	3		4	5
2	2024-08-08 20:52:29.913481+01	2	nightninja	3		4	5
3	2024-08-08 20:52:29.913481+01	3	rtrbfv	3		4	5
4	2024-10-07 14:18:30.048564+01	1	Darwin’s theory of algorithms	1	[{"added": {}}]	9	5
5	2024-10-07 14:18:46.225276+01	2	Console the troubled dev	1	[{"added": {}}]	9	5
6	2024-10-07 14:20:07.204077+01	3	Reduce, Reuse, Recycle widgets	1	[{"added": {}}]	9	5
7	2024-10-07 14:20:33.062058+01	4	To State or not to State	1	[{"added": {}}]	9	5
8	2024-10-07 14:33:49.95017+01	4	To State or not to State	2	[{"changed": {"fields": ["Number"]}}]	9	5
9	2024-10-07 14:34:22.593841+01	4	To State or not to State	2	[{"changed": {"fields": ["Number"]}}]	9	5
10	2024-10-07 14:34:30.236483+01	3	Reduce, Reuse, Recycle widgets	2	[{"changed": {"fields": ["Number"]}}]	9	5
11	2024-10-07 14:34:37.333824+01	3	Reduce, Reuse, Recycle widgets	2	[]	9	5
12	2024-10-07 14:34:41.660293+01	2	Console the troubled dev	2	[{"changed": {"fields": ["Number"]}}]	9	5
13	2024-10-07 14:34:45.466621+01	1	Darwin’s theory of algorithms	2	[{"changed": {"fields": ["Number"]}}]	9	5
14	2024-10-08 20:21:23.12392+01	2	Console the troubled dev	2	[{"changed": {"fields": ["Content"]}}]	9	5
15	2024-10-09 20:40:48.96606+01	1	Darwin’s theory of algorithms	2	[{"changed": {"fields": ["Abstract"]}}]	9	5
\.


--
-- Data for Name: django_content_type; Type: TABLE DATA; Schema: public; Owner: blogitdev
--

COPY public.django_content_type (id, app_label, model) FROM stdin;
1	admin	logentry
2	auth	permission
3	auth	group
4	auth	user
5	contenttypes	contenttype
6	sessions	session
7	blog	post
8	users	profile
9	blog	tale
10	admin_honeypot	loginattempt
\.


--
-- Data for Name: django_migrations; Type: TABLE DATA; Schema: public; Owner: blogitdev
--

COPY public.django_migrations (id, app, name, applied) FROM stdin;
1	contenttypes	0001_initial	2024-08-08 19:46:36.61991+01
2	auth	0001_initial	2024-08-08 19:46:36.741006+01
3	admin	0001_initial	2024-08-08 19:46:36.767352+01
4	admin	0002_logentry_remove_auto_add	2024-08-08 19:46:36.773172+01
5	admin	0003_logentry_add_action_flag_choices	2024-08-08 19:46:36.779038+01
6	contenttypes	0002_remove_content_type_name	2024-08-08 19:46:36.792034+01
7	auth	0002_alter_permission_name_max_length	2024-08-08 19:46:36.798032+01
8	auth	0003_alter_user_email_max_length	2024-08-08 19:46:36.805034+01
9	auth	0004_alter_user_username_opts	2024-08-08 19:46:36.812033+01
10	auth	0005_alter_user_last_login_null	2024-08-08 19:46:36.818085+01
11	auth	0006_require_contenttypes_0002	2024-08-08 19:46:36.820033+01
12	auth	0007_alter_validators_add_error_messages	2024-08-08 19:46:36.825033+01
13	auth	0008_alter_user_username_max_length	2024-08-08 19:46:36.837476+01
14	auth	0009_alter_user_last_name_max_length	2024-08-08 19:46:36.843457+01
15	auth	0010_alter_group_name_max_length	2024-08-08 19:46:36.850422+01
16	auth	0011_update_proxy_permissions	2024-08-08 19:46:36.855455+01
17	auth	0012_alter_user_first_name_max_length	2024-08-08 19:46:36.862086+01
18	blog	0001_initial	2024-08-08 19:46:36.883825+01
19	sessions	0001_initial	2024-08-08 19:46:36.902031+01
20	users	0001_initial	2024-08-08 19:46:36.919392+01
21	blog	0002_tale_delete_post	2024-10-07 14:11:15.85431+01
22	blog	0003_alter_tale_number	2024-10-07 14:34:06.953407+01
23	admin_honeypot	0001_initial	2024-10-10 14:41:38.113715+01
24	admin_honeypot	0002_auto_20160208_0854	2024-10-10 14:41:38.119715+01
25	admin_honeypot	0003_alter_loginattempt_id	2024-10-10 14:41:38.151721+01
\.


--
-- Data for Name: django_session; Type: TABLE DATA; Schema: public; Owner: blogitdev
--

COPY public.django_session (session_key, session_data, expire_date) FROM stdin;
uxcgjef1cvqczcnl522keczyxbhrr81g	e30:1sc8M3:8QfjSXXuDXdFVs2JzLsOFFom2ySpvK4pzK4cctNQgRQ	2024-08-22 19:59:19.646982+01
d6cdpbzpbr0ggxf8vw2yzrr3vlnjkrhe	e30:1sc8MN:TOX8vx_HoN9IUEWlmboejI0-JjouDQL4LCEXPbMAw6k	2024-08-22 19:59:39.445984+01
5c06uconjrjber7ynz1btryv3yc5av54	.eJxVjEsOAiEQBe_C2hD5tDQu3XsG0kAjowaSYWZlvLtOMgvdvqp6LxFoXWpYB89hyuIsQBx-t0jpwW0D-U7t1mXqbZmnKDdF7nTIa8_8vOzu30GlUb-1yhoTULGoKRGZdIoIgBEiFVBHbTmzRQKXjUIP2nlflE5aEVrvDIv3B_F9N6s:1scLOG:M8sZ7BkI9ajZLzUYbwxx4OTjz7em9zDyhyBRfZfTYsc	2024-08-23 09:54:28.231797+01
i3f0wbqv22q8l6lgy1b0vlk9bfaialqj	.eJxVjEEOwiAQRe_C2hBnKCAu3fcMZAZGqRpISrsy3l2bdKHb_977LxVpXUpcu8xxyuqsnDr8bkzpIXUD-U711nRqdZkn1puid9r12LI8L7v7d1Col28txF4sIIKnlAAT-AFOJpC5egnBGHRokMRaD5YCIwiTcXxEzJYHVu8P0x83Vw:1stuml:rqcV3sHbhH9BUS-14rEWu0AKZD07MR8HI2dGEtUYn7s	2024-10-10 21:08:23.803936+01
f9ev2mmmraplyb87nrhn9i4xdfa3ek82	.eJxVjEsOAiEQBe_C2hD5tDQu3XsG0kAjowaSYWZlvLtOMgvdvqp6LxFoXWpYB89hyuIsQBx-t0jpwW0D-U7t1mXqbZmnKDdF7nTIa8_8vOzu30GlUb-1yhoTULGoKRGZdIoIgBEiFVBHbTmzRQKXjUIP2nlflE5aEVrvDIv3B_F9N6s:1sxnam:uPbTGVPh3UtBcPcIe5hwmXdEdcjfEHxvoQsZnZ34TEE	2024-10-21 14:16:04.566503+01
uz5zoa3hl97ex7krfjgtrkop8ax839pv	.eJxVjEsOAiEQBe_C2hD5tDQu3XsG0kAjowaSYWZlvLtOMgvdvqp6LxFoXWpYB89hyuIsQBx-t0jpwW0D-U7t1mXqbZmnKDdF7nTIa8_8vOzu30GlUb-1yhoTULGoKRGZdIoIgBEiFVBHbTmzRQKXjUIP2nlflE5aEVrvDIv3B_F9N6s:1syFkx:MsIXEmpN4jyyoyqcB8rutUM6kY6FCpSqoisaV8AGTxE	2024-10-22 20:20:27.444085+01
\.


--
-- Data for Name: users_profile; Type: TABLE DATA; Schema: public; Owner: blogitdev
--

COPY public.users_profile (id, image, user_id) FROM stdin;
3	default.jpg	6
2	default.jpg	5
\.


--
-- Name: admin_honeypot_loginattempt_id_seq; Type: SEQUENCE SET; Schema: public; Owner: blogitdev
--

SELECT pg_catalog.setval('public.admin_honeypot_loginattempt_id_seq', 1, true);


--
-- Name: auth_group_id_seq; Type: SEQUENCE SET; Schema: public; Owner: blogitdev
--

SELECT pg_catalog.setval('public.auth_group_id_seq', 1, false);


--
-- Name: auth_group_permissions_id_seq; Type: SEQUENCE SET; Schema: public; Owner: blogitdev
--

SELECT pg_catalog.setval('public.auth_group_permissions_id_seq', 1, false);


--
-- Name: auth_permission_id_seq; Type: SEQUENCE SET; Schema: public; Owner: blogitdev
--

SELECT pg_catalog.setval('public.auth_permission_id_seq', 40, true);


--
-- Name: auth_user_groups_id_seq; Type: SEQUENCE SET; Schema: public; Owner: blogitdev
--

SELECT pg_catalog.setval('public.auth_user_groups_id_seq', 1, false);


--
-- Name: auth_user_id_seq; Type: SEQUENCE SET; Schema: public; Owner: blogitdev
--

SELECT pg_catalog.setval('public.auth_user_id_seq', 6, true);


--
-- Name: auth_user_user_permissions_id_seq; Type: SEQUENCE SET; Schema: public; Owner: blogitdev
--

SELECT pg_catalog.setval('public.auth_user_user_permissions_id_seq', 1, false);


--
-- Name: blog_tale_id_seq; Type: SEQUENCE SET; Schema: public; Owner: blogitdev
--

SELECT pg_catalog.setval('public.blog_tale_id_seq', 4, true);


--
-- Name: django_admin_log_id_seq; Type: SEQUENCE SET; Schema: public; Owner: blogitdev
--

SELECT pg_catalog.setval('public.django_admin_log_id_seq', 15, true);


--
-- Name: django_content_type_id_seq; Type: SEQUENCE SET; Schema: public; Owner: blogitdev
--

SELECT pg_catalog.setval('public.django_content_type_id_seq', 10, true);


--
-- Name: django_migrations_id_seq; Type: SEQUENCE SET; Schema: public; Owner: blogitdev
--

SELECT pg_catalog.setval('public.django_migrations_id_seq', 25, true);


--
-- Name: users_profile_id_seq; Type: SEQUENCE SET; Schema: public; Owner: blogitdev
--

SELECT pg_catalog.setval('public.users_profile_id_seq', 3, true);


--
-- Name: admin_honeypot_loginattempt admin_honeypot_loginattempt_pkey; Type: CONSTRAINT; Schema: public; Owner: blogitdev
--

ALTER TABLE ONLY public.admin_honeypot_loginattempt
    ADD CONSTRAINT admin_honeypot_loginattempt_pkey PRIMARY KEY (id);


--
-- Name: auth_group auth_group_name_key; Type: CONSTRAINT; Schema: public; Owner: blogitdev
--

ALTER TABLE ONLY public.auth_group
    ADD CONSTRAINT auth_group_name_key UNIQUE (name);


--
-- Name: auth_group_permissions auth_group_permissions_group_id_permission_id_0cd325b0_uniq; Type: CONSTRAINT; Schema: public; Owner: blogitdev
--

ALTER TABLE ONLY public.auth_group_permissions
    ADD CONSTRAINT auth_group_permissions_group_id_permission_id_0cd325b0_uniq UNIQUE (group_id, permission_id);


--
-- Name: auth_group_permissions auth_group_permissions_pkey; Type: CONSTRAINT; Schema: public; Owner: blogitdev
--

ALTER TABLE ONLY public.auth_group_permissions
    ADD CONSTRAINT auth_group_permissions_pkey PRIMARY KEY (id);


--
-- Name: auth_group auth_group_pkey; Type: CONSTRAINT; Schema: public; Owner: blogitdev
--

ALTER TABLE ONLY public.auth_group
    ADD CONSTRAINT auth_group_pkey PRIMARY KEY (id);


--
-- Name: auth_permission auth_permission_content_type_id_codename_01ab375a_uniq; Type: CONSTRAINT; Schema: public; Owner: blogitdev
--

ALTER TABLE ONLY public.auth_permission
    ADD CONSTRAINT auth_permission_content_type_id_codename_01ab375a_uniq UNIQUE (content_type_id, codename);


--
-- Name: auth_permission auth_permission_pkey; Type: CONSTRAINT; Schema: public; Owner: blogitdev
--

ALTER TABLE ONLY public.auth_permission
    ADD CONSTRAINT auth_permission_pkey PRIMARY KEY (id);


--
-- Name: auth_user_groups auth_user_groups_pkey; Type: CONSTRAINT; Schema: public; Owner: blogitdev
--

ALTER TABLE ONLY public.auth_user_groups
    ADD CONSTRAINT auth_user_groups_pkey PRIMARY KEY (id);


--
-- Name: auth_user_groups auth_user_groups_user_id_group_id_94350c0c_uniq; Type: CONSTRAINT; Schema: public; Owner: blogitdev
--

ALTER TABLE ONLY public.auth_user_groups
    ADD CONSTRAINT auth_user_groups_user_id_group_id_94350c0c_uniq UNIQUE (user_id, group_id);


--
-- Name: auth_user auth_user_pkey; Type: CONSTRAINT; Schema: public; Owner: blogitdev
--

ALTER TABLE ONLY public.auth_user
    ADD CONSTRAINT auth_user_pkey PRIMARY KEY (id);


--
-- Name: auth_user_user_permissions auth_user_user_permissions_pkey; Type: CONSTRAINT; Schema: public; Owner: blogitdev
--

ALTER TABLE ONLY public.auth_user_user_permissions
    ADD CONSTRAINT auth_user_user_permissions_pkey PRIMARY KEY (id);


--
-- Name: auth_user_user_permissions auth_user_user_permissions_user_id_permission_id_14a6b632_uniq; Type: CONSTRAINT; Schema: public; Owner: blogitdev
--

ALTER TABLE ONLY public.auth_user_user_permissions
    ADD CONSTRAINT auth_user_user_permissions_user_id_permission_id_14a6b632_uniq UNIQUE (user_id, permission_id);


--
-- Name: auth_user auth_user_username_key; Type: CONSTRAINT; Schema: public; Owner: blogitdev
--

ALTER TABLE ONLY public.auth_user
    ADD CONSTRAINT auth_user_username_key UNIQUE (username);


--
-- Name: blog_tale blog_tale_pkey; Type: CONSTRAINT; Schema: public; Owner: blogitdev
--

ALTER TABLE ONLY public.blog_tale
    ADD CONSTRAINT blog_tale_pkey PRIMARY KEY (id);


--
-- Name: django_admin_log django_admin_log_pkey; Type: CONSTRAINT; Schema: public; Owner: blogitdev
--

ALTER TABLE ONLY public.django_admin_log
    ADD CONSTRAINT django_admin_log_pkey PRIMARY KEY (id);


--
-- Name: django_content_type django_content_type_app_label_model_76bd3d3b_uniq; Type: CONSTRAINT; Schema: public; Owner: blogitdev
--

ALTER TABLE ONLY public.django_content_type
    ADD CONSTRAINT django_content_type_app_label_model_76bd3d3b_uniq UNIQUE (app_label, model);


--
-- Name: django_content_type django_content_type_pkey; Type: CONSTRAINT; Schema: public; Owner: blogitdev
--

ALTER TABLE ONLY public.django_content_type
    ADD CONSTRAINT django_content_type_pkey PRIMARY KEY (id);


--
-- Name: django_migrations django_migrations_pkey; Type: CONSTRAINT; Schema: public; Owner: blogitdev
--

ALTER TABLE ONLY public.django_migrations
    ADD CONSTRAINT django_migrations_pkey PRIMARY KEY (id);


--
-- Name: django_session django_session_pkey; Type: CONSTRAINT; Schema: public; Owner: blogitdev
--

ALTER TABLE ONLY public.django_session
    ADD CONSTRAINT django_session_pkey PRIMARY KEY (session_key);


--
-- Name: users_profile users_profile_pkey; Type: CONSTRAINT; Schema: public; Owner: blogitdev
--

ALTER TABLE ONLY public.users_profile
    ADD CONSTRAINT users_profile_pkey PRIMARY KEY (id);


--
-- Name: users_profile users_profile_user_id_key; Type: CONSTRAINT; Schema: public; Owner: blogitdev
--

ALTER TABLE ONLY public.users_profile
    ADD CONSTRAINT users_profile_user_id_key UNIQUE (user_id);


--
-- Name: auth_group_name_a6ea08ec_like; Type: INDEX; Schema: public; Owner: blogitdev
--

CREATE INDEX auth_group_name_a6ea08ec_like ON public.auth_group USING btree (name varchar_pattern_ops);


--
-- Name: auth_group_permissions_group_id_b120cbf9; Type: INDEX; Schema: public; Owner: blogitdev
--

CREATE INDEX auth_group_permissions_group_id_b120cbf9 ON public.auth_group_permissions USING btree (group_id);


--
-- Name: auth_group_permissions_permission_id_84c5c92e; Type: INDEX; Schema: public; Owner: blogitdev
--

CREATE INDEX auth_group_permissions_permission_id_84c5c92e ON public.auth_group_permissions USING btree (permission_id);


--
-- Name: auth_permission_content_type_id_2f476e4b; Type: INDEX; Schema: public; Owner: blogitdev
--

CREATE INDEX auth_permission_content_type_id_2f476e4b ON public.auth_permission USING btree (content_type_id);


--
-- Name: auth_user_groups_group_id_97559544; Type: INDEX; Schema: public; Owner: blogitdev
--

CREATE INDEX auth_user_groups_group_id_97559544 ON public.auth_user_groups USING btree (group_id);


--
-- Name: auth_user_groups_user_id_6a12ed8b; Type: INDEX; Schema: public; Owner: blogitdev
--

CREATE INDEX auth_user_groups_user_id_6a12ed8b ON public.auth_user_groups USING btree (user_id);


--
-- Name: auth_user_user_permissions_permission_id_1fbb5f2c; Type: INDEX; Schema: public; Owner: blogitdev
--

CREATE INDEX auth_user_user_permissions_permission_id_1fbb5f2c ON public.auth_user_user_permissions USING btree (permission_id);


--
-- Name: auth_user_user_permissions_user_id_a95ead1b; Type: INDEX; Schema: public; Owner: blogitdev
--

CREATE INDEX auth_user_user_permissions_user_id_a95ead1b ON public.auth_user_user_permissions USING btree (user_id);


--
-- Name: auth_user_username_6821ab7c_like; Type: INDEX; Schema: public; Owner: blogitdev
--

CREATE INDEX auth_user_username_6821ab7c_like ON public.auth_user USING btree (username varchar_pattern_ops);


--
-- Name: blog_tale_author_id_5142a792; Type: INDEX; Schema: public; Owner: blogitdev
--

CREATE INDEX blog_tale_author_id_5142a792 ON public.blog_tale USING btree (author_id);


--
-- Name: django_admin_log_content_type_id_c4bce8eb; Type: INDEX; Schema: public; Owner: blogitdev
--

CREATE INDEX django_admin_log_content_type_id_c4bce8eb ON public.django_admin_log USING btree (content_type_id);


--
-- Name: django_admin_log_user_id_c564eba6; Type: INDEX; Schema: public; Owner: blogitdev
--

CREATE INDEX django_admin_log_user_id_c564eba6 ON public.django_admin_log USING btree (user_id);


--
-- Name: django_session_expire_date_a5c62663; Type: INDEX; Schema: public; Owner: blogitdev
--

CREATE INDEX django_session_expire_date_a5c62663 ON public.django_session USING btree (expire_date);


--
-- Name: django_session_session_key_c0390e0f_like; Type: INDEX; Schema: public; Owner: blogitdev
--

CREATE INDEX django_session_session_key_c0390e0f_like ON public.django_session USING btree (session_key varchar_pattern_ops);


--
-- Name: auth_group_permissions auth_group_permissio_permission_id_84c5c92e_fk_auth_perm; Type: FK CONSTRAINT; Schema: public; Owner: blogitdev
--

ALTER TABLE ONLY public.auth_group_permissions
    ADD CONSTRAINT auth_group_permissio_permission_id_84c5c92e_fk_auth_perm FOREIGN KEY (permission_id) REFERENCES public.auth_permission(id) DEFERRABLE INITIALLY DEFERRED;


--
-- Name: auth_group_permissions auth_group_permissions_group_id_b120cbf9_fk_auth_group_id; Type: FK CONSTRAINT; Schema: public; Owner: blogitdev
--

ALTER TABLE ONLY public.auth_group_permissions
    ADD CONSTRAINT auth_group_permissions_group_id_b120cbf9_fk_auth_group_id FOREIGN KEY (group_id) REFERENCES public.auth_group(id) DEFERRABLE INITIALLY DEFERRED;


--
-- Name: auth_permission auth_permission_content_type_id_2f476e4b_fk_django_co; Type: FK CONSTRAINT; Schema: public; Owner: blogitdev
--

ALTER TABLE ONLY public.auth_permission
    ADD CONSTRAINT auth_permission_content_type_id_2f476e4b_fk_django_co FOREIGN KEY (content_type_id) REFERENCES public.django_content_type(id) DEFERRABLE INITIALLY DEFERRED;


--
-- Name: auth_user_groups auth_user_groups_group_id_97559544_fk_auth_group_id; Type: FK CONSTRAINT; Schema: public; Owner: blogitdev
--

ALTER TABLE ONLY public.auth_user_groups
    ADD CONSTRAINT auth_user_groups_group_id_97559544_fk_auth_group_id FOREIGN KEY (group_id) REFERENCES public.auth_group(id) DEFERRABLE INITIALLY DEFERRED;


--
-- Name: auth_user_groups auth_user_groups_user_id_6a12ed8b_fk_auth_user_id; Type: FK CONSTRAINT; Schema: public; Owner: blogitdev
--

ALTER TABLE ONLY public.auth_user_groups
    ADD CONSTRAINT auth_user_groups_user_id_6a12ed8b_fk_auth_user_id FOREIGN KEY (user_id) REFERENCES public.auth_user(id) DEFERRABLE INITIALLY DEFERRED;


--
-- Name: auth_user_user_permissions auth_user_user_permi_permission_id_1fbb5f2c_fk_auth_perm; Type: FK CONSTRAINT; Schema: public; Owner: blogitdev
--

ALTER TABLE ONLY public.auth_user_user_permissions
    ADD CONSTRAINT auth_user_user_permi_permission_id_1fbb5f2c_fk_auth_perm FOREIGN KEY (permission_id) REFERENCES public.auth_permission(id) DEFERRABLE INITIALLY DEFERRED;


--
-- Name: auth_user_user_permissions auth_user_user_permissions_user_id_a95ead1b_fk_auth_user_id; Type: FK CONSTRAINT; Schema: public; Owner: blogitdev
--

ALTER TABLE ONLY public.auth_user_user_permissions
    ADD CONSTRAINT auth_user_user_permissions_user_id_a95ead1b_fk_auth_user_id FOREIGN KEY (user_id) REFERENCES public.auth_user(id) DEFERRABLE INITIALLY DEFERRED;


--
-- Name: blog_tale blog_tale_author_id_5142a792_fk_auth_user_id; Type: FK CONSTRAINT; Schema: public; Owner: blogitdev
--

ALTER TABLE ONLY public.blog_tale
    ADD CONSTRAINT blog_tale_author_id_5142a792_fk_auth_user_id FOREIGN KEY (author_id) REFERENCES public.auth_user(id) DEFERRABLE INITIALLY DEFERRED;


--
-- Name: django_admin_log django_admin_log_content_type_id_c4bce8eb_fk_django_co; Type: FK CONSTRAINT; Schema: public; Owner: blogitdev
--

ALTER TABLE ONLY public.django_admin_log
    ADD CONSTRAINT django_admin_log_content_type_id_c4bce8eb_fk_django_co FOREIGN KEY (content_type_id) REFERENCES public.django_content_type(id) DEFERRABLE INITIALLY DEFERRED;


--
-- Name: django_admin_log django_admin_log_user_id_c564eba6_fk_auth_user_id; Type: FK CONSTRAINT; Schema: public; Owner: blogitdev
--

ALTER TABLE ONLY public.django_admin_log
    ADD CONSTRAINT django_admin_log_user_id_c564eba6_fk_auth_user_id FOREIGN KEY (user_id) REFERENCES public.auth_user(id) DEFERRABLE INITIALLY DEFERRED;


--
-- Name: users_profile users_profile_user_id_2112e78d_fk_auth_user_id; Type: FK CONSTRAINT; Schema: public; Owner: blogitdev
--

ALTER TABLE ONLY public.users_profile
    ADD CONSTRAINT users_profile_user_id_2112e78d_fk_auth_user_id FOREIGN KEY (user_id) REFERENCES public.auth_user(id) DEFERRABLE INITIALLY DEFERRED;


--
-- Name: DEFAULT PRIVILEGES FOR TABLES; Type: DEFAULT ACL; Schema: -; Owner: postgres
--

ALTER DEFAULT PRIVILEGES FOR ROLE postgres GRANT ALL ON TABLES  TO blogitdev;


--
-- PostgreSQL database dump complete
--

